Customer ID,Customer Name,Last_Order_Date,Frequency,Monetary,Recency,R,F,M,RFM_Score,Segment
AA-10315,Alex Avila,2015-03-31,5,5563.56,1370,1,2,4,124,Others
AA-10375,Allen Armold,2015-10-24,9,1056.39,1163,1,4,1,141,Others
AA-10480,Andrew Allen,2017-08-26,4,1790.51,491,3,1,2,312,Potential
AA-10645,Anna Andreadi,2015-06-22,6,5086.94,1287,1,2,4,124,Others
AB-10015,Aaron Bergman,2015-02-18,3,886.16,1411,1,1,1,111,Others
AB-10060,Adam Bellavance,2017-08-29,8,7755.62,488,3,3,4,334,Others
AB-10105,Adrian Barton,2017-09-25,10,14473.57,461,3,4,4,344,Champions
AB-10150,Aimee Bixby,2017-01-31,5,966.71,698,2,2,1,221,At Risk
AB-10165,Alan Barnes,2018-03-30,8,1113.84,275,3,3,2,332,Others
AB-10255,Alejandro Ballentine,2017-06-26,9,914.53,552,2,4,1,241,Others
AB-10600,Ann Blume,2016-11-30,4,1515.86,760,2,1,2,212,At Risk
AC-10420,Alyssa Crouse,2017-02-23,3,925.8,675,2,1,1,211,At Risk
AC-10450,Amy Cox,2015-10-31,7,5527.85,1156,1,3,4,134,Others
AC-10615,Ann Chong,2018-12-24,5,2537.69,6,4,2,3,423,Others
AC-10660,Anna Chung,2017-06-27,5,657.32,551,2,2,1,221,At Risk
AD-10180,Alan Dominguez,2018-04-30,8,6106.88,244,4,3,4,434,Champions
AF-10870,Art Ferguson,2018-04-24,7,2052.91,250,3,3,2,332,Others
AF-10885,Art Foster,2016-10-13,4,861.57,808,2,1,1,211,At Risk
AG-10270,Alejandro Grove,2018-03-27,5,2582.9,278,3,2,3,323,Others
AG-10300,Aleksandra Gannaway,2015-04-26,4,367.55,1344,1,1,1,111,Others
AG-10330,Alex Grayson,2018-12-22,5,660.97,8,4,2,1,421,Others
AG-10390,Allen Goldenen,2017-11-20,5,200.95,405,3,2,1,321,Potential
AG-10495,Andrew Gjertsen,2016-10-26,7,1419.25,795,2,3,2,232,Others
AG-10525,Andy Gerbode,2015-08-09,4,1455.04,1239,1,1,2,112,Others
AG-10675,Anna Gayman,2018-07-29,7,3489.04,154,4,3,3,433,Others
AG-10765,Anthony Garverick,2015-09-17,4,170.58,1200,1,1,1,111,Others
AG-10900,Arthur Gainer,2016-12-27,10,4510.8,733,2,4,4,244,Others
AH-10030,Aaron Hawkins,2015-12-31,7,1744.7,1095,1,3,2,132,Others
AH-10075,Adam Hart,2018-11-26,10,3250.34,34,4,4,3,443,Champions
AH-10120,Adrian Hane,2018-10-31,7,1735.51,60,4,3,2,432,Others
AH-10195,Alan Haines,2018-08-24,4,1587.45,128,4,1,2,412,Others
AH-10210,Alan Hwang,2015-11-29,9,4805.34,1127,1,4,4,144,Others
AH-10465,Amy Hunt,2016-01-17,5,2495.39,1078,1,2,3,123,Others
AH-10585,Angele Hood,2015-10-26,4,738.5,1161,1,1,1,111,Others
AH-10690,Anna Häberlin,2016-12-31,12,7888.29,729,2,4,4,244,Others
AI-10855,Arianne Irving,2015-12-29,10,4375.79,1097,1,4,4,144,Others
AJ-10780,Anthony Jacobs,2015-10-31,7,4867.34,1156,1,3,4,134,Others
AJ-10795,Anthony Johnson,2015-12-29,7,4501.39,1097,1,3,4,134,Others
AJ-10945,Ashley Jarboe,2018-08-31,6,1829.9,121,4,2,2,422,Others
AJ-10960,Astrea Jones,2015-12-30,3,629.25,1096,1,1,1,111,Others
AM-10360,Alice McCarthy,2018-05-28,5,814.01,216,4,2,1,421,Others
AM-10705,Anne McFarland,2015-10-31,8,5664.02,1156,1,3,4,134,Others
AO-10810,Anthony O'Donnell,2017-08-16,1,161.28,501,3,1,1,311,Potential
AP-10720,Anne Pryor,2017-05-23,6,545.93,586,2,2,1,221,At Risk
AP-10915,Arthur Prichep,2015-09-29,10,3323.56,1188,1,4,3,143,Others
AR-10345,Alex Russell,2015-12-30,4,1055.69,1096,1,1,1,111,Others
AR-10405,Allen Rosenblatt,2016-07-31,5,2236.13,882,2,2,3,223,Others
AR-10510,Andrew Roberts,2016-08-31,5,264.86,851,2,2,1,221,At Risk
AR-10540,Andy Reiter,2017-09-29,6,6608.45,457,3,2,4,324,Others
AR-10570,Anemone Ratner,2017-07-14,1,88.15,534,2,1,1,211,At Risk
AR-10825,Anthony Rawles,2015-06-30,8,4523.34,1279,1,3,4,134,Others
AS-10045,Aaron Smayling,2017-03-28,7,3050.69,642,2,3,3,233,Others
AS-10090,Adam Shillingsburg,2015-12-24,9,3255.31,1102,1,4,3,143,Others
AS-10135,Adrian Shami,2018-11-19,2,58.82,41,4,1,1,411,Others
AS-10225,Alan Schoenberger,2015-10-18,5,4260.78,1169,1,2,4,124,Others
AS-10240,Alan Shonely,2016-03-29,5,503.97,1006,1,2,1,121,Others
AS-10285,Alejandro Savely,2017-10-28,6,3214.24,428,3,2,3,323,Others
AS-10630,Ann Steele,2018-04-30,7,833.4,244,4,3,1,431,Others
AT-10435,Alyssa Tate,2015-12-27,5,1166.07,1099,1,2,2,122,Others
AT-10735,Annie Thurman,2015-08-30,10,3831.86,1218,1,4,4,144,Others
AW-10840,Anthony Witt,2016-11-29,4,649.38,761,2,1,1,211,At Risk
AW-10930,Arthur Wiediger,2018-08-31,7,2852.97,121,4,3,3,433,Others
AY-10555,Andy Yotov,2015-12-26,4,497.01,1100,1,1,1,111,Others
AZ-10750,Annie Zypern,2015-03-25,6,1622.02,1376,1,2,2,122,Others
BB-10990,Barry Blumstein,2015-07-27,5,744.34,1252,1,2,1,121,Others
BB-11545,Brenda Bowman,2017-12-26,9,6765.73,369,3,4,4,344,Champions
BC-11125,Becky Castell,2017-07-25,9,2933.68,523,3,4,3,343,Others
BD-11320,Bill Donatelli,2017-10-31,12,5718.52,425,3,4,4,344,Champions
BD-11500,Bradley Drucker,2018-01-26,6,4411.24,338,3,2,4,324,Others
BD-11560,Brendan Dodson,2016-05-30,2,320.54,944,2,1,1,211,At Risk
BD-11605,Brian Dahlen,2017-12-30,6,2783.19,365,3,2,3,323,Others
BD-11620,Brian DeCherney,2017-12-31,6,1538.11,364,3,2,2,322,Potential
BD-11635,Brian Derr,2018-12-21,3,582.65,9,4,1,1,411,Others
BD-11725,Bruce Degenhardt,2018-05-30,6,1526.5,214,4,2,2,422,Others
BD-11770,Bryan Davis,2018-01-29,6,658.47,335,3,2,1,321,Potential
BE-11335,Bill Eplett,2017-07-25,5,4204.68,523,3,2,4,324,Others
BE-11410,Bobby Elias,2018-09-23,5,2261.44,98,4,2,3,423,Others
BE-11455,Brad Eason,2016-09-14,5,748.03,837,2,2,1,221,At Risk
BF-10975,Barbara Fisher,2018-09-30,7,599.8,91,4,3,1,431,Others
BF-11005,Barry Franz,2017-07-28,4,1333.88,520,3,1,2,312,Potential
BF-11020,Barry Französisch,2016-10-30,8,2888.51,791,2,3,3,233,Others
BF-11080,Bart Folk,2015-11-28,3,272.95,1128,1,1,1,111,Others
BF-11170,Ben Ferrer,2017-01-31,11,5907.97,698,2,4,4,244,Others
BF-11215,Benjamin Farhat,2018-10-26,4,1585.16,65,4,1,2,412,Others
BF-11275,Beth Fritzler,2015-03-22,3,791.99,1379,1,1,1,111,Others
BG-11035,Barry Gonzalez,2016-12-31,8,2798.95,729,2,3,3,233,Others
BG-11695,Brooke Gillingham,2017-05-30,6,1874.17,579,2,2,2,222,At Risk
BG-11740,Bruce Geld,2017-08-30,6,1006.36,487,3,2,1,321,Potential
BH-11710,Brosina Hoffman,2016-11-22,8,6255.35,768,2,3,4,234,Others
BK-11260,Berenike Kampe,2018-09-22,6,659.14,99,4,2,1,421,Others
BM-11140,Becky Martin,2018-02-26,4,11789.63,307,3,1,4,314,Others
BM-11575,Brendan Murry,2018-09-21,6,808.16,100,4,2,1,421,Others
BM-11650,Brian Moss,2018-11-27,11,7294.19,33,4,4,4,444,Champions
BM-11785,Bryan Mills,2017-12-30,10,1338.84,365,3,4,2,342,Loyal
BN-11470,Brad Norvell,2016-04-16,4,265.3,988,1,1,1,111,Others
BN-11515,Bradley Nguyen,2018-12-21,5,1459.34,9,4,2,2,422,Others
BO-11350,Bill Overfelt,2017-04-28,5,2682.73,611,2,2,3,223,Others
BO-11425,Bobby Odegard,2018-10-16,2,130.83,75,4,1,1,411,Others
BP-11050,Barry Pond,2017-11-25,5,983.42,400,3,2,1,321,Potential
BP-11095,Bart Pistole,2018-11-30,12,2442.04,30,4,4,3,443,Champions
BP-11155,Becky Pak,2017-12-31,6,1697.86,364,3,2,2,322,Potential
BP-11185,Ben Peterman,2018-12-29,9,3675.86,1,4,4,4,444,Champions
BP-11230,Benjamin Patterson,2016-04-30,5,1181.49,974,2,2,2,222,At Risk
BP-11290,Beth Paige,2017-05-31,7,2475.16,578,2,3,3,233,Others
BS-11365,Bill Shonely,2017-06-20,5,10501.65,558,2,2,4,224,Others
BS-11380,Bill Stewart,2015-11-29,5,3887.83,1127,1,2,4,124,Others
BS-11590,Brendan Sweed,2018-11-25,6,2454.93,35,4,2,3,423,Others
BS-11665,Brian Stugart,2017-05-27,3,3288.11,582,2,1,3,213,Others
BS-11755,Bruce Stewart,2017-11-30,7,2562.38,395,3,3,3,333,Others
BS-11800,Bryan Spruell,2016-09-26,2,949.43,825,2,1,1,211,At Risk
BT-11305,Beth Thompson,2018-01-28,5,2567.66,336,3,2,3,323,Others
BT-11395,Bill Tyler,2016-11-29,6,2186.61,761,2,2,2,222,At Risk
BT-11440,Bobby Trafton,2015-11-23,4,603.88,1133,1,1,1,111,Others
BT-11485,Brad Thomas,2016-12-27,2,415.2,733,2,1,1,211,At Risk
BT-11530,Bradley Talbott,2018-09-30,5,2684.49,91,4,2,3,423,Others
BT-11680,Brian Thompson,2015-11-28,7,3196.75,1128,1,3,3,133,Others
BV-11245,Benjamin Venier,2018-01-30,5,1523.27,334,3,2,2,322,Potential
BW-11065,Barry Weirich,2015-05-25,3,385.52,1315,1,1,1,111,Others
BW-11110,Bart Watters,2018-08-31,8,4750.36,121,4,3,4,434,Champions
BW-11200,Ben Wallace,2015-09-30,6,1738.41,1187,1,2,2,122,Others
CA-11965,Carol Adams,2018-01-26,6,3789.72,338,3,2,4,324,Others
CA-12055,Cathy Armstrong,2017-11-24,5,1679.72,401,3,2,2,322,Potential
CA-12265,Christina Anderson,2015-12-26,8,2638.33,1100,1,3,3,133,Others
CA-12310,Christine Abelman,2015-07-19,4,1421.95,1260,1,1,2,112,Others
CA-12775,Cynthia Arntzen,2015-06-28,7,3041.57,1281,1,3,3,133,Others
CB-12025,Cassandra Brandow,2016-08-28,9,5730.67,854,2,4,4,244,Others
CB-12415,Christy Brittain,2017-07-25,8,1949.2,523,3,3,2,332,Others
CB-12535,Claudia Bergmann,2017-01-23,8,4246.46,706,2,3,4,234,Others
CC-12100,Chad Cunningham,2017-09-29,5,1685.89,457,3,2,2,322,Potential
CC-12145,Charles Crestani,2016-01-30,7,2471.65,1065,1,3,3,133,Others
CC-12220,Chris Cortes,2017-03-28,11,3670.26,642,2,4,3,243,Others
CC-12370,Christopher Conant,2017-05-23,5,12129.07,586,2,2,4,224,Others
CC-12430,Chuck Clark,2018-12-30,10,2870.05,0,4,4,3,443,Champions
CC-12475,Cindy Chapman,2018-09-30,9,1659.44,91,4,4,2,442,Loyal
CC-12550,Clay Cheatham,2018-06-15,3,113.83,198,4,1,1,411,Others
CC-12610,Corey Catlett,2016-07-30,7,2540.63,883,2,3,3,233,Others
CC-12670,Craig Carreira,2017-11-27,7,2269.7,398,3,3,3,333,Others
CC-12685,Craig Carroll,2016-10-23,4,2854.12,798,2,1,3,213,Others
CD-11920,Carlos Daly,2017-12-29,5,2033.97,366,3,2,2,322,Potential
CD-11980,Carol Darley,2017-11-24,3,639.77,401,3,1,1,311,Potential
CD-12280,Christina DeMoss,2018-11-18,2,1205.58,42,4,1,2,412,Others
CD-12790,Cynthia Delaney,2015-12-27,5,1860.73,1099,1,2,2,122,Others
CG-12040,Catherine Glotzbach,2017-10-24,6,904.47,432,3,2,1,321,Potential
CG-12520,Claire Gute,2018-01-26,3,1148.78,338,3,1,2,312,Potential
CH-12070,Cathy Hwang,2016-10-30,3,1537.24,791,2,1,2,212,At Risk
CJ-11875,Carl Jackson,2017-12-30,1,16.52,365,3,1,1,311,Potential
CJ-12010,Caroline Jumper,2018-03-27,8,11164.97,278,3,3,4,334,Others
CK-12205,Chloris Kastensmidt,2015-07-28,13,3154.86,1251,1,4,3,143,Others
CK-12325,Christine Kargatis,2018-02-17,5,2945.32,316,3,2,3,323,Others
CK-12595,Clytie Kelty,2018-01-29,11,2372.75,335,3,4,3,343,Others
CK-12760,Cyma Kinney,2018-03-28,9,1582.11,277,3,4,2,342,Loyal
CL-11890,Carl Ludwig,2015-07-26,4,1262.01,1253,1,1,2,112,Others
CL-12565,Clay Ludtke,2016-12-30,12,10880.55,730,2,4,4,244,Others
CL-12700,Craig Leslie,2018-01-28,4,2335.59,336,3,1,3,313,Others
CM-11815,Candace McMahon,2015-12-31,6,1673.89,1095,1,2,2,122,Others
CM-11935,Carlos Meador,2016-09-24,2,565.39,827,2,1,1,211,At Risk
CM-12115,Chad McGuire,2018-03-31,4,1661.61,274,3,1,2,312,Potential
CM-12160,Charles McCrossin,2018-09-28,6,2533.31,93,4,2,3,423,Others
CM-12190,Charlotte Melton,2018-12-22,6,1475.14,8,4,2,2,422,Others
CM-12235,Chris McAfee,2017-11-27,5,2305.71,398,3,2,3,323,Others
CM-12385,Christopher Martinez,2018-11-23,4,8954.02,37,4,1,4,414,Loyal
CM-12445,Chuck Magee,2017-09-26,3,287.99,460,3,1,1,311,Potential
CM-12655,Corinna Mitchell,2017-11-13,5,5890.51,412,3,2,4,324,Others
CM-12715,Craig Molinari,2015-09-26,4,3984.45,1191,1,1,4,114,Others
CP-12085,Cathy Prescott,2017-03-30,8,5402.25,640,2,3,4,234,Others
CP-12340,Christine Phan,2018-04-24,7,5817.19,250,3,3,4,334,Others
CR-12580,Clay Rozendal,2017-11-24,4,2148.85,401,3,1,2,312,Potential
CR-12625,Corey Roper,2015-08-23,3,475.9,1225,1,1,1,111,Others
CR-12730,Craig Reiter,2017-08-22,4,1600.55,495,3,1,2,312,Potential
CR-12820,Cyra Reiten,2016-01-24,3,1397.87,1071,1,1,2,112,Others
CS-11845,Cari Sayre,2018-09-30,5,1278.95,91,4,2,2,422,Others
CS-11860,Cari Schnelling,2015-06-30,6,537.63,1279,1,2,1,121,Others
CS-11950,Carlos Soltero,2017-03-31,11,3036.55,639,2,4,3,243,Others
CS-12130,Chad Sievert,2017-08-28,4,884.64,489,3,1,1,311,Potential
CS-12175,Charles Sheldon,2017-09-26,5,844.46,460,3,2,1,321,Potential
CS-12250,Chris Selesnick,2015-11-28,12,2754.22,1128,1,4,3,143,Others
CS-12355,Christine Sundaresam,2018-12-24,11,3202.16,6,4,4,3,443,Champions
CS-12400,Christopher Schild,2018-12-28,9,3651.86,2,4,4,3,443,Champions
CS-12460,Chuck Sachs,2018-12-03,2,550.64,27,4,1,1,411,Others
CS-12490,Cindy Schnelling,2017-04-18,4,970.11,621,2,1,1,211,At Risk
CS-12505,Cindy Stewart,2015-03-26,6,5690.06,1375,1,2,4,124,Others
CT-11995,Carol Triggs,2018-06-29,8,3241.9,184,4,3,3,433,Others
CV-12295,Christina VanderZanden,2015-03-28,5,2830.63,1373,1,2,3,123,Others
CV-12805,Cynthia Voltz,2018-04-27,9,2370.31,247,3,4,3,343,Others
CW-11905,Carl Weiss,2016-05-31,6,1136.59,943,2,2,2,222,At Risk
CY-12745,Craig Yedwab,2018-10-31,7,2004.08,60,4,3,2,432,Others
Co-12640,Corey-Lock,2015-11-29,5,1300.08,1127,1,2,2,122,Others
DA-13450,Dianna Arnett,2015-09-26,4,156.76,1191,1,1,1,111,Others
DB-12910,Daniel Byrd,2018-03-31,8,2171.6,274,3,3,2,332,Others
DB-12970,Darren Budd,2017-12-25,4,2469.67,370,3,1,3,313,Others
DB-13060,Dave Brooks,2015-06-21,6,4151.51,1288,1,2,4,124,Others
DB-13120,David Bremer,2016-12-27,7,2973.09,733,2,3,3,233,Others
DB-13210,Dean Braden,2017-11-30,10,2332.58,395,3,4,3,343,Others
DB-13270,Deborah Brumfield,2016-11-30,8,4655.9,760,2,3,4,234,Others
DB-13360,Dennis Bolton,2016-06-26,5,1081.47,917,2,2,1,221,At Risk
DB-13405,Denny Blanton,2018-06-26,4,1711.69,187,4,1,2,412,Others
DB-13555,Dorothy Badders,2015-04-21,7,3908.8,1349,1,3,4,134,Others
DB-13615,Doug Bickford,2015-09-30,7,1989.05,1187,1,3,2,132,Others
DB-13660,Duane Benoit,2017-12-31,7,1155.2,364,3,3,2,332,Others
DC-12850,Dan Campbell,2017-03-24,9,3336.17,646,2,4,3,243,Others
DC-13285,Debra Catini,2015-12-29,5,1174.62,1097,1,2,2,122,Others
DD-13570,Dorothy Dickinson,2015-03-31,6,269.54,1370,1,2,1,121,Others
DE-13255,Deanra Eno,2016-09-24,5,2550.87,827,2,2,3,223,Others
DF-13135,David Flashing,2017-01-30,3,2390.53,699,2,1,3,213,Others
DG-13300,Deirdre Greer,2018-11-28,5,3195.82,32,4,2,3,423,Others
DH-13075,Dave Hallsten,2018-03-28,5,3487.2,277,3,2,3,323,Others
DH-13675,Duane Huffman,2015-11-28,4,1043.1,1128,1,1,1,111,Others
DJ-13420,Denny Joy,2016-10-10,4,2012.52,811,2,1,2,212,At Risk
DJ-13510,Don Jones,2018-04-30,8,2501.69,244,4,3,3,433,Others
DJ-13630,Doug Jacobs,2017-11-19,3,3356.4,406,3,1,3,313,Others
DK-12835,Damala Kotsonis,2016-10-31,12,3256.48,790,2,4,3,243,Others
DK-12895,Dana Kaydos,2018-08-27,5,4282.18,125,4,2,4,424,Loyal
DK-12985,Darren Koutras,2015-11-24,5,1687.04,1132,1,2,2,122,Others
DK-13090,Dave Kipp,2018-02-21,7,2650.56,312,3,3,3,333,Others
DK-13150,David Kendrick,2018-12-20,2,797.83,10,4,1,1,411,Others
DK-13225,Dean Katz,2018-06-29,9,4802.39,184,4,4,4,444,Champions
DK-13375,Dennis Kane,2018-07-27,8,3318.49,156,4,3,3,433,Others
DL-12865,Dan Lawera,2015-06-29,7,444.02,1280,1,3,1,131,Others
DL-12925,Daniel Lacy,2016-09-22,6,3272.2,829,2,2,3,223,Others
DL-13315,Delfina Latchford,2018-11-25,8,1458.26,35,4,3,2,432,Others
DL-13330,Denise Leinenbach,2017-10-28,4,585.02,428,3,1,1,311,Potential
DL-13495,Dionis Lloyd,2018-04-30,8,3539.32,244,4,3,3,433,Others
DM-12955,Dario Medina,2015-09-30,7,1322.03,1187,1,3,2,132,Others
DM-13015,Darrin Martin,2018-08-24,7,6345.1,128,4,3,4,434,Champions
DM-13345,Denise Monton,2017-11-21,8,4074.47,404,3,3,4,334,Others
DM-13525,Don Miller,2016-09-11,3,1376.79,840,2,1,2,212,At Risk
DN-13690,Duane Noonan,2018-05-27,7,2139.79,217,4,3,2,432,Others
DO-13435,Denny Ordway,2018-03-31,9,1300.03,274,3,4,2,342,Loyal
DO-13645,Doug O'Connell,2018-11-27,7,1267.32,33,4,3,2,432,Others
DP-13000,Darren Powers,2018-08-26,8,897.52,126,4,3,1,431,Others
DP-13105,Dave Poirier,2018-12-24,8,2215.0,6,4,3,2,432,Others
DP-13165,David Philippe,2016-10-10,2,1058.62,811,2,1,1,211,At Risk
DP-13390,Dennis Pardue,2017-05-24,9,5480.72,585,2,4,4,244,Others
DR-12880,Dan Reichenbach,2018-06-29,9,6528.03,184,4,4,4,444,Champions
DR-12940,Daniel Raglin,2016-03-30,8,8350.87,1005,1,3,4,134,Others
DS-13030,Darrin Sayre,2018-09-28,4,1762.21,93,4,1,2,412,Others
DS-13180,David Smith,2018-03-31,9,2881.81,274,3,4,3,343,Others
DV-13045,Darrin Van Huff,2018-06-30,5,1119.48,183,4,2,2,422,Others
DV-13465,Dianna Vittorini,2015-06-22,5,3254.49,1287,1,2,3,123,Others
DW-13195,David Wiener,2018-10-22,6,1080.75,69,4,2,1,421,Others
DW-13480,Dianna Wilson,2018-05-27,5,5271.63,217,4,2,4,424,Loyal
DW-13540,Don Weiss,2017-02-27,5,344.08,671,2,2,1,221,At Risk
DW-13585,Dorothy Wardle,2016-06-28,7,1204.85,915,2,3,2,232,Others
Dl-13600,Dorris liebe,2015-03-30,5,755.6,1371,1,2,1,121,Others
Dp-13240,Dean percer,2015-05-26,11,7198.76,1314,1,4,4,144,Others
EA-14035,Erin Ashbrook,2018-07-31,12,2752.44,152,4,4,3,443,Champions
EB-13705,Ed Braxton,2016-03-31,9,3644.98,1004,1,4,3,143,Others
EB-13750,Edward Becker,2017-05-30,10,3236.31,579,2,4,3,243,Others
EB-13840,Ellis Ballard,2015-05-30,4,964.45,1310,1,1,1,111,Others
EB-13870,Emily Burns,2018-01-30,10,2767.22,334,3,4,3,343,Others
EB-13930,Eric Barreto,2017-02-27,5,944.6,671,2,2,1,221,At Risk
EB-13975,Erica Bern,2018-12-30,4,1643.26,0,4,1,2,412,Others
EB-14110,Eugene Barchas,2016-11-28,6,3071.13,762,2,2,3,223,Others
EB-14170,Evan Bailliet,2015-09-29,6,1186.33,1188,1,2,2,122,Others
EC-14050,Erin Creighton,2018-07-31,5,461.91,152,4,2,1,421,Others
ED-13885,Emily Ducich,2017-10-24,8,3484.92,432,3,3,3,333,Others
EG-13900,Emily Grady,2018-03-31,5,1832.02,274,3,2,2,322,Potential
EH-13765,Edward Hooks,2017-10-30,10,9940.38,426,3,4,4,344,Champions
EH-13945,Eric Hoffmann,2018-05-27,8,684.17,217,4,3,1,431,Others
EH-13990,Erica Hackney,2017-03-31,6,825.95,639,2,2,1,221,At Risk
EH-14005,Erica Hernandez,2018-12-28,7,1219.53,2,4,3,2,432,Others
EH-14125,Eugene Hildebrand,2018-07-31,10,3082.65,152,4,4,3,443,Champions
EH-14185,Evan Henry,2017-12-30,6,923.88,365,3,2,1,321,Potential
EJ-13720,Ed Jacobs,2015-01-27,4,2162.17,1433,1,1,2,112,Others
EJ-14155,Eva Jacobs,2018-05-14,5,2656.69,230,4,2,3,423,Others
EK-13795,Eileen Kiefer,2016-11-29,4,1303.48,761,2,1,2,212,At Risk
EL-13735,Ed Ludwig,2017-04-22,2,124.28,617,2,1,1,211,At Risk
EM-13810,Eleni McCrary,2016-08-24,5,2567.01,858,2,2,3,223,Others
EM-13825,Elizabeth Moffitt,2016-05-31,8,2339.6,943,2,3,3,233,Others
EM-13960,Eric Murdock,2016-12-28,5,933.7,732,2,2,1,221,At Risk
EM-14065,Erin Mull,2015-07-22,4,228.99,1257,1,1,1,111,Others
EM-14095,Eudokia Martin,2016-11-21,4,1041.04,769,2,1,1,211,At Risk
EM-14140,Eugene Moren,2017-05-30,6,4588.44,579,2,2,4,224,Others
EM-14200,Evan Minnotte,2018-03-26,3,366.82,279,3,1,1,311,Potential
EN-13780,Edward Nazzal,2016-05-30,4,2199.37,944,2,1,2,212,At Risk
EP-13915,Emily Phan,2017-12-31,17,5478.06,364,3,4,4,344,Champions
ER-13855,Elpida Rittenbach,2016-12-21,3,1245.79,739,2,1,2,212,At Risk
ES-14020,Erica Smith,2018-11-20,5,3510.46,40,4,2,3,423,Others
ES-14080,Erin Smith,2017-09-29,9,4657.92,457,3,4,4,344,Champions
FA-14230,Frank Atkinson,2016-10-30,7,2984.05,791,2,3,3,233,Others
FC-14245,Frank Carlisle,2018-10-21,7,3418.74,70,4,3,3,433,Others
FC-14335,Fred Chung,2016-03-30,7,3889.37,1005,1,3,4,134,Others
FG-14260,Frank Gastineau,2018-11-26,7,1383.14,34,4,3,2,432,Others
FH-14275,Frank Hawley,2018-11-23,10,4256.27,37,4,4,4,444,Champions
FH-14350,Fred Harton,2016-12-28,4,2271.28,732,2,1,3,213,Others
FH-14365,Fred Hopkins,2018-09-29,8,6987.2,92,4,4,4,444,Champions
FM-14215,Filia McAdams,2018-04-29,10,2456.64,245,3,4,3,343,Others
FM-14290,Frank Merwin,2015-08-26,9,3736.2,1222,1,4,4,144,Others
FM-14380,Fred McMath,2018-06-25,9,2523.27,188,4,4,3,443,Champions
FO-14305,Frank Olsen,2017-10-31,10,2678.44,425,3,4,3,343,Others
FP-14320,Frank Preis,2017-12-26,8,4046.75,369,3,4,4,344,Champions
FW-14395,Fred Wasserman,2016-03-22,3,79.75,1013,1,1,1,111,Others
GA-14515,George Ashbrook,2017-11-26,5,3797.23,399,3,2,4,324,Others
GA-14725,Guy Armstrong,2015-12-30,11,1398.38,1096,1,4,2,142,Others
GB-14530,George Bell,2018-10-29,11,1568.44,62,4,4,2,442,Loyal
GB-14575,Giulietta Baptist,2018-01-28,5,4716.29,336,3,2,4,324,Others
GD-14590,Giulietta Dortch,2018-12-25,4,1888.07,5,4,1,2,412,Others
GG-14650,Greg Guthrie,2015-10-31,9,2224.0,1156,1,4,3,143,Others
GH-14410,Gary Hansen,2016-07-30,9,2819.47,883,2,4,3,243,Others
GH-14425,Gary Hwang,2015-06-17,4,4172.85,1292,1,1,4,114,Others
GH-14485,Gene Hale,2017-12-08,2,1361.24,387,3,1,2,312,Potential
GH-14665,Greg Hansen,2018-12-28,2,146.94,2,4,1,1,411,Others
GK-14620,Grace Kelly,2017-12-25,9,6497.27,370,3,4,4,344,Champions
GM-14440,Gary McGarr,2018-07-29,7,3582.82,154,4,3,3,433,Others
GM-14455,Gary Mitchum,2015-12-31,6,3078.62,1095,1,2,3,123,Others
GM-14500,Gene McClure,2016-09-26,10,1255.68,825,2,4,2,242,Others
GM-14680,Greg Matthias,2018-07-31,6,3163.63,152,4,2,3,423,Others
GM-14695,Greg Maxwell,2017-09-20,3,6049.97,466,3,1,4,314,Others
GP-14740,Guy Phonely,2016-11-26,2,236.53,764,2,1,1,211,At Risk
GR-14560,Georgia Rosenberg,2015-11-21,2,1284.38,1135,1,1,2,112,Others
GT-14635,Grant Thornton,2015-06-06,3,9351.21,1303,1,1,4,114,Others
GT-14710,Greg Tran,2018-06-27,11,11820.12,186,4,4,4,444,Champions
GT-14755,Guy Thornton,2018-05-29,4,226.44,215,4,1,1,411,Others
GW-14605,Giulietta Weimer,2018-07-29,7,2189.02,154,4,3,2,432,Others
GZ-14470,Gary Zandusky,2018-12-23,9,4355.15,7,4,4,4,444,Champions
GZ-14545,George Zrebassa,2015-09-28,4,2454.62,1189,1,1,3,113,Others
HA-14905,Helen Abelman,2015-06-30,7,2163.3,1279,1,3,2,132,Others
HA-14920,Helen Andreada,2016-07-30,8,2584.16,883,2,4,3,243,Others
HD-14785,Harold Dahlen,2016-11-22,3,251.36,768,2,1,1,211,At Risk
HE-14800,Harold Engle,2017-01-30,3,755.46,699,2,1,1,211,At Risk
HF-14995,Herbert Flentye,2017-11-27,7,2533.16,398,3,3,3,333,Others
HG-14845,Harry Greene,2015-04-29,5,785.63,1341,1,2,1,121,Others
HG-14965,Henry Goldwyn,2018-03-31,12,3247.64,274,3,4,3,343,Others
HG-15025,Hunter Glantz,2018-12-24,7,3690.28,6,4,3,4,434,Champions
HH-15010,Hilary Holden,2015-08-29,2,218.67,1219,1,1,1,111,Others
HJ-14875,Heather Jas,2018-08-26,5,358.1,126,4,2,1,421,Others
HK-14890,Heather Kirkland,2018-03-26,8,4877.78,279,3,4,4,344,Champions
HL-15040,Hunter Lopez,2017-06-24,6,12873.3,554,2,2,4,224,Others
HM-14860,Harry Marie,2018-12-28,10,8236.76,2,4,4,4,444,Champions
HM-14980,Henry MacAllister,2018-04-27,4,736.28,247,3,1,1,311,Potential
HP-14815,Harold Pawlan,2016-10-31,7,1990.31,790,2,3,2,232,Others
HR-14770,Hallie Redmond,2018-12-17,4,940.59,13,4,1,1,411,Others
HR-14830,Harold Ryan,2016-12-24,7,5248.79,736,2,3,4,234,Others
HW-14935,Helen Wasserman,2017-10-31,7,4827.93,425,3,3,4,334,Others
HZ-14950,Henia Zydlo,2018-05-29,5,886.52,215,4,2,1,421,Others
IG-15085,Ivan Gibson,2018-10-20,4,744.57,71,4,1,1,411,Others
IL-15100,Ivan Liston,2017-07-23,7,5040.74,525,3,3,4,334,Others
IM-15055,Ionia McGrath,2015-01-23,2,48.4,1437,1,1,1,111,Others
IM-15070,Irene Maddox,2017-06-23,7,4930.47,555,2,3,4,234,Others
JA-15970,Joseph Airdo,2018-09-29,8,6491.03,92,4,4,4,444,Champions
JB-15400,Jennifer Braxton,2018-12-23,10,1791.61,7,4,4,2,442,Loyal
JB-15925,Joni Blumstein,2016-12-24,3,900.55,736,2,1,1,211,At Risk
JB-16000,Joy Bell-,2018-11-17,7,644.12,43,4,3,1,431,Others
JB-16045,Julia Barnett,2017-05-25,5,2518.12,584,2,2,3,223,Others
JC-15340,Jasper Cacioppo,2015-01-28,4,71.26,1432,1,1,1,111,Others
JC-15385,Jenna Caffey,2018-07-08,1,1058.11,175,4,1,1,411,Others
JC-15775,John Castell,2018-06-30,9,2772.06,183,4,4,3,443,Champions
JC-16105,Julie Creighton,2015-12-24,5,858.58,1102,1,2,1,121,Others
JD-15790,John Dryer,2017-02-16,5,2152.35,682,2,2,2,222,At Risk
JD-15895,Jonathan Doherty,2017-10-31,11,7610.86,425,3,4,4,344,Champions
JD-16015,Joy Daniels,2018-05-15,6,385.43,229,4,2,1,421,Others
JD-16060,Julia Dunbar,2015-09-24,3,695.44,1193,1,1,1,111,Others
JD-16150,Justin Deggeller,2016-11-27,8,8828.03,763,2,4,4,244,Others
JE-15475,Jeremy Ellison,2016-11-27,6,1388.68,763,2,2,2,222,At Risk
JE-15610,Jim Epp,2018-03-31,7,7754.98,274,3,3,4,334,Others
JE-15715,Joe Elijah,2017-12-25,10,8697.84,370,3,4,4,344,Champions
JE-15745,Joel Eaton,2015-11-26,13,6760.82,1130,1,4,4,144,Others
JE-16165,Justin Ellison,2018-10-20,3,2697.25,71,4,1,3,413,Others
JF-15190,Jamie Frazer,2018-10-26,6,2239.61,65,4,2,3,423,Others
JF-15295,Jason Fortune-,2017-10-30,5,955.12,426,3,2,1,321,Potential
JF-15355,Jay Fein,2018-07-30,6,1911.84,153,4,2,2,422,Others
JF-15415,Jennifer Ferguson,2018-12-28,5,2309.43,2,4,2,3,423,Others
JF-15490,Jeremy Farry,2018-08-31,10,890.95,121,4,4,1,441,Loyal
JF-15565,Jill Fjeld,2016-06-25,8,4198.33,918,2,4,4,244,Others
JG-15115,Jack Garza,2015-09-21,3,2358.68,1196,1,1,3,113,Others
JG-15160,James Galang,2015-05-30,11,6366.39,1310,1,4,4,144,Others
JG-15310,Jason Gross,2017-05-30,6,2240.58,579,2,2,3,223,Others
JG-15805,John Grady,2017-06-26,6,1507.02,552,2,2,2,222,At Risk
JH-15430,Jennifer Halladay,2018-12-25,4,309.28,5,4,1,1,411,Others
JH-15820,John Huston,2016-03-28,6,528.91,1007,1,2,1,121,Others
JH-15910,Jonathan Howell,2017-10-28,7,959.48,428,3,3,1,331,Others
JH-15985,Joseph Holt,2016-01-28,6,7955.0,1067,1,2,4,124,Others
JH-16180,Justin Hirsh,2016-05-25,4,2256.39,949,2,1,3,213,Others
JJ-15445,Jennifer Jackson,2016-09-28,5,709.18,823,2,2,1,221,At Risk
JJ-15760,Joel Jenkins,2016-12-08,2,195.0,752,2,1,1,211,At Risk
JK-15205,Jamie Kunitz,2018-10-30,4,4262.29,61,4,1,4,414,Loyal
JK-15325,Jason Klamczynski,2017-01-31,3,383.81,698,2,1,1,211,At Risk
JK-15370,Jay Kimmel,2017-11-25,7,2136.46,400,3,3,2,332,Others
JK-15625,Jim Karlsson,2015-05-31,7,3760.03,1309,1,3,4,134,Others
JK-15640,Jim Kriz,2016-04-29,9,4760.43,975,1,4,4,144,Others
JK-15730,Joe Kamberova,2017-09-29,9,4769.9,457,3,4,4,344,Champions
JK-16090,Juliana Krohn,2016-04-21,3,3747.67,983,1,1,4,114,Others
JK-16120,Julie Kriz,2017-11-21,10,2932.48,404,3,4,3,343,Others
JL-15130,Jack Lebron,2018-04-28,6,1214.96,246,3,2,2,322,Potential
JL-15175,James Lanier,2015-12-31,5,1571.52,1095,1,2,2,122,Others
JL-15235,Janet Lee,2016-11-30,5,2203.7,760,2,2,2,222,At Risk
JL-15505,Jeremy Lonsdale,2015-11-30,6,3173.87,1126,1,2,3,123,Others
JL-15835,John Lee,2018-07-30,10,9576.34,153,4,4,4,444,Champions
JL-15850,John Lucas,2016-05-29,6,2725.26,945,2,2,3,223,Others
JM-15250,Janet Martin,2017-03-29,6,3159.12,641,2,2,3,223,Others
JM-15265,Janet Molinari,2016-05-31,5,1804.15,943,2,2,2,222,At Risk
JM-15535,Jessica Myrick,2017-12-24,7,1733.44,371,3,3,2,332,Others
JM-15580,Jill Matthias,2018-12-30,5,303.95,0,4,2,1,421,Others
JM-15655,Jim Mitchum,2017-10-29,5,864.95,427,3,2,1,321,Potential
JM-15865,John Murray,2016-11-30,7,7625.08,760,2,3,4,234,Others
JM-16195,Justin MacKendrick,2017-05-30,10,2833.93,579,2,4,3,243,Others
JO-15145,Jack O'Briant,2017-07-29,9,3254.95,519,3,4,3,343,Others
JO-15280,Jas O'Carroll,2016-12-31,6,1934.27,729,2,2,2,222,At Risk
JO-15550,Jesus Ocampo,2018-05-29,5,1090.84,215,4,2,2,422,Others
JP-15460,Jennifer Patt,2017-10-24,7,1669.14,432,3,3,2,332,Others
JP-15520,Jeremy Pistek,2016-01-30,7,3635.59,1065,1,3,3,133,Others
JP-16135,Julie Prescott,2017-12-30,9,1707.71,365,3,4,2,342,Loyal
JR-15670,Jim Radford,2016-12-24,2,1156.66,736,2,1,2,212,At Risk
JR-15700,Jocasta Rupert,2018-10-23,1,863.88,68,4,1,1,411,Others
JR-16210,Justin Ritter,2018-11-27,5,2201.69,33,4,2,2,422,Others
JS-15595,Jill Stevenson,2017-10-25,4,1417.65,431,3,1,2,312,Potential
JS-15685,Jim Sink,2018-11-18,3,990.2,42,4,1,1,411,Others
JS-15880,John Stevenson,2016-12-21,5,3868.02,739,2,2,4,224,Others
JS-15940,Joni Sundaresam,2017-09-23,5,469.17,463,3,2,1,321,Potential
JS-16030,Joy Smith,2015-02-27,6,2516.49,1402,1,2,3,123,Others
JW-15220,Jane Waco,2018-10-30,6,7721.71,61,4,3,4,434,Champions
JW-15955,Joni Wasserman,2017-12-27,6,1049.24,368,3,3,1,331,Others
JW-16075,Julia West,2017-09-25,4,1428.73,461,3,1,2,312,Potential
KA-16525,Kelly Andreada,2018-05-30,7,1519.51,214,4,3,2,432,Others
KB-16240,Karen Bern,2015-03-31,7,3152.62,1370,1,3,3,133,Others
KB-16315,Karl Braun,2016-01-31,9,1569.46,1064,1,4,2,142,Others
KB-16405,Katrina Bavinger,2016-11-20,3,908.82,770,2,1,1,211,At Risk
KB-16585,Ken Black,2016-04-30,12,2744.74,974,2,4,3,243,Others
KB-16600,Ken Brennan,2015-12-30,7,983.92,1096,1,3,1,131,Others
KC-16255,Karen Carlisle,2016-12-31,6,2120.95,729,2,3,2,232,Others
KC-16540,Kelly Collister,2018-09-24,4,3908.26,97,4,1,4,414,Loyal
KC-16675,Kimberly Carter,2017-05-28,4,1146.05,581,2,1,2,212,At Risk
KD-16270,Karen Daniels,2016-12-12,5,8282.36,748,2,2,4,224,Others
KD-16345,Katherine Ducich,2016-12-20,6,1888.96,740,2,3,2,232,Others
KD-16495,Keith Dawkins,2017-12-30,12,8181.26,365,3,4,4,344,Champions
KD-16615,Ken Dana,2017-04-30,4,907.16,609,2,1,1,211,At Risk
KE-16420,Katrina Edelman,2017-09-25,7,1453.28,461,3,3,2,332,Others
KF-16285,Karen Ferguson,2015-09-26,7,10604.27,1191,1,3,4,134,Others
KH-16330,Katharine Harms,2017-06-27,8,3312.86,551,2,4,3,243,Others
KH-16360,Katherine Hughes,2017-07-30,6,3100.61,518,3,3,3,333,Others
KH-16510,Keith Herrera,2018-10-28,6,5229.7,63,4,3,4,434,Champions
KH-16630,Ken Heidel,2017-07-25,9,3918.97,523,3,4,4,344,Champions
KH-16690,Kristen Hastings,2018-12-28,7,5990.8,2,4,3,4,434,Champions
KL-16555,Kelly Lampkin,2017-12-31,8,5016.49,364,3,4,4,344,Champions
KL-16645,Ken Lonsdale,2017-07-31,12,14175.23,517,3,4,4,344,Champions
KM-16225,Kalyca Meade,2018-12-16,6,2260.96,14,4,3,3,433,Others
KM-16375,Katherine Murray,2015-12-31,8,5620.19,1095,1,4,4,144,Others
KM-16660,Khloe Miller,2017-07-28,5,453.54,520,3,2,1,321,Potential
KM-16720,Kunst Miller,2015-03-30,8,4909.47,1371,1,4,4,144,Others
KN-16390,Katherine Nockton,2016-08-21,8,2224.09,861,2,4,3,243,Others
KN-16450,Kean Nguyen,2016-12-27,5,2171.96,733,2,2,2,222,At Risk
KN-16705,Kristina Nunn,2018-08-28,7,2003.01,124,4,3,2,432,Others
KS-16300,Karen Seio,2016-03-15,3,88.47,1020,1,1,1,111,Others
KT-16465,Kean Takahito,2015-09-26,7,3057.1,1191,1,3,3,133,Others
KT-16480,Kean Thornton,2016-10-31,10,4642.09,790,2,4,4,244,Others
KW-16435,Katrina Willman,2018-07-31,5,4416.52,152,4,2,4,424,Loyal
KW-16570,Kelly Williams,2015-09-30,4,449.1,1187,1,1,1,111,Others
LA-16780,Laura Armstrong,2018-07-29,11,8673.22,154,4,4,4,444,Champions
LB-16735,Larry Blacks,2018-04-26,3,50.19,248,3,1,1,311,Potential
LB-16795,Laurel Beltran,2018-07-31,8,4985.68,152,4,4,4,444,Champions
LC-16870,Lena Cacioppo,2017-02-28,8,2580.7,670,2,4,3,243,Others
LC-16885,Lena Creighton,2016-11-28,12,7663.13,762,2,4,4,244,Others
LC-16930,Linda Cazamias,2017-08-26,8,4492.95,491,3,4,4,344,Champions
LC-16960,Lindsay Castell,2016-02-23,4,3246.63,1041,1,1,3,113,Others
LC-17050,Liz Carlisle,2015-01-31,5,2095.06,1429,1,2,2,122,Others
LC-17140,Logan Currie,2017-06-25,9,2633.58,553,2,4,3,243,Others
LD-16855,Lela Donovan,2017-06-26,1,5.3,552,2,1,1,211,At Risk
LD-17005,Lisa DeCherney,2015-09-29,4,1961.93,1188,1,1,2,112,Others
LE-16810,Laurel Elliston,2015-05-27,6,1469.45,1313,1,3,2,132,Others
LF-17185,Luke Foster,2015-07-26,7,3930.51,1253,1,3,4,134,Others
LH-16750,Larry Hughes,2018-04-25,3,287.43,249,3,1,1,311,Potential
LH-16900,Lena Hernandez,2016-12-25,9,2295.33,735,2,4,3,243,Others
LH-17020,Lisa Hazard,2015-09-08,4,318.24,1209,1,1,1,111,Others
LH-17155,Logan Haushalter,2017-10-29,9,1739.69,427,3,4,2,342,Loyal
LL-16840,Lauren Leatherbury,2015-04-29,5,2454.55,1341,1,2,3,123,Others
LM-17065,Liz MacKendrick,2015-06-27,5,1346.77,1282,1,2,2,122,Others
LO-17170,Lori Olson,2018-12-28,5,644.35,2,4,2,1,421,Others
LP-17080,Liz Pelletier,2015-06-24,4,756.61,1285,1,1,1,111,Others
LP-17095,Liz Preis,2018-01-30,6,3104.44,334,3,3,3,333,Others
LR-16915,Lena Radford,2016-11-30,6,5142.89,760,2,3,4,234,Others
LR-17035,Lisa Ryan,2017-09-26,5,1879.31,460,3,2,2,322,Potential
LS-16945,Linda Southworth,2017-09-29,6,2845.27,457,3,3,3,333,Others
LS-16975,Lindsay Shagiari,2017-07-30,9,2988.67,518,3,4,3,343,Others
LS-17200,Luke Schmidt,2018-07-31,6,1010.26,152,4,3,1,431,Others
LS-17230,Lycoris Saunders,2016-06-16,3,368.88,927,2,1,1,211,At Risk
LS-17245,Lynn Smith,2017-05-27,6,1008.14,582,2,3,1,231,Others
LT-16765,Larry Tron,2016-05-12,3,329.88,962,2,1,1,211,At Risk
LT-17110,Liz Thompson,2018-11-26,8,2936.25,34,4,4,3,443,Champions
LW-16825,Laurel Workman,2015-05-30,5,2238.06,1310,1,2,3,123,Others
LW-16990,Lindsay Williams,2018-11-27,6,3230.31,33,4,3,3,433,Others
LW-17125,Liz Willingham,2015-09-11,3,1259.04,1206,1,1,2,112,Others
LW-17215,Luke Weiss,2017-09-17,7,5420.51,469,3,3,4,334,Others
MA-17560,Matt Abelman,2016-11-27,11,4299.16,763,2,4,4,244,Others
MA-17995,Michelle Arnett,2016-11-28,6,2453.28,762,2,3,3,233,Others
MB-17305,Maria Bertelson,2016-12-25,10,1548.7,735,2,4,2,242,Others
MB-18085,Mick Brown,2018-04-25,7,1428.23,249,3,3,2,332,Others
MC-17275,Marc Crier,2016-09-24,8,2725.98,827,2,4,3,243,Others
MC-17425,Mark Cousins,2015-05-30,5,4432.14,1310,1,2,4,124,Others
MC-17575,Matt Collins,2017-12-20,8,1303.89,375,3,4,2,342,Loyal
MC-17590,Matt Collister,2015-11-25,6,2426.07,1131,1,3,3,133,Others
MC-17605,Matt Connell,2018-04-28,8,2258.19,246,3,4,3,343,Others
MC-17635,Matthew Clasen,2015-11-28,4,795.15,1128,1,1,1,111,Others
MC-17845,Michael Chen,2018-12-29,7,3805.71,1,4,3,4,434,Champions
MC-18100,Mick Crebagga,2018-10-30,10,2218.98,61,4,4,3,443,Champions
MC-18130,Mike Caudle,2017-12-26,5,1582.0,369,3,2,2,322,Potential
MD-17350,Maribeth Dona,2016-12-27,6,2716.41,733,2,3,3,233,Others
MD-17860,Michael Dominguez,2018-08-29,5,1204.91,123,4,2,2,422,Others
ME-17320,Maria Etezadi,2018-03-30,10,10663.73,275,3,4,4,344,Champions
ME-17725,Max Engle,2018-11-30,8,1908.45,30,4,4,2,442,Loyal
ME-18010,Michelle Ellison,2018-09-29,4,1256.94,92,4,1,2,412,Others
MF-17665,Maureen Fritzler,2015-12-30,5,937.04,1096,1,2,1,121,Others
MF-18250,Monica Federle,2018-12-23,5,1758.3,7,4,2,2,422,Others
MG-17650,Matthew Grinstein,2018-08-28,7,3785.28,124,4,3,4,434,Champions
MG-17680,Maureen Gastineau,2018-09-29,4,2350.19,92,4,1,3,413,Others
MG-17695,Maureen Gnade,2015-12-26,3,1342.28,1100,1,1,2,112,Others
MG-17875,Michael Grace,2015-02-23,5,1242.83,1406,1,2,2,122,Others
MG-17890,Michael Granlund,2018-08-31,9,776.38,121,4,4,1,441,Loyal
MG-18145,Mike Gockenbach,2015-03-29,4,3061.54,1372,1,1,3,113,Others
MG-18205,Mitch Gastineau,2018-04-10,1,16.74,264,3,1,1,311,Potential
MH-17290,Marc Harrigan,2017-12-29,5,1691.51,366,3,2,2,322,Potential
MH-17440,Mark Haberlin,2017-12-19,4,400.02,376,3,1,1,311,Potential
MH-17455,Mark Hamilton,2017-11-25,7,2146.69,400,3,3,2,332,Others
MH-17620,Matt Hagelstein,2018-07-28,4,1252.8,155,4,1,2,412,Others
MH-17785,Maya Herman,2015-09-30,7,2203.78,1187,1,3,2,132,Others
MH-18025,Michelle Huthwaite,2016-07-25,5,2984.95,888,2,2,3,223,Others
MH-18115,Mick Hernandez,2018-04-30,9,5503.09,244,4,4,4,444,Champions
MJ-17740,Max Jones,2017-06-24,7,6320.75,554,2,3,4,234,Others
MK-17905,Michael Kennedy,2017-09-24,8,2302.37,462,3,4,3,343,Others
MK-18160,Mike Kennedy,2015-12-19,4,1031.6,1107,1,1,1,111,Others
ML-17395,Marina Lichtenstein,2015-05-26,9,2722.84,1314,1,4,3,143,Others
ML-17410,Maris LaWare,2018-05-29,5,2885.26,215,4,2,3,423,Others
ML-17755,Max Ludwig,2018-11-30,7,2071.91,30,4,3,2,432,Others
ML-18040,Michelle Lonsdale,2018-03-26,3,742.08,279,3,1,1,311,Potential
ML-18265,Muhammed Lee,2016-05-31,2,162.23,943,2,1,1,211,At Risk
MM-17260,Magdelene Morse,2015-05-28,4,1314.02,1312,1,1,2,112,Others
MM-17920,Michael Moore,2018-01-30,10,3640.26,334,3,4,3,343,Others
MM-18055,Michelle Moray,2018-10-30,8,2749.88,61,4,4,3,443,Champions
MM-18280,Muhammed MacIntyre,2017-09-28,9,775.41,458,3,4,1,341,Loyal
MN-17935,Michael Nguyen,2018-11-26,6,2477.95,34,4,3,3,433,Others
MO-17500,Mary O'Rourke,2015-11-28,4,922.49,1128,1,1,1,111,Others
MO-17800,Meg O'Connel,2017-08-29,8,1687.03,488,3,4,2,342,Loyal
MO-17950,Michael Oakman,2018-07-03,2,154.29,180,4,1,1,411,Others
MP-17470,Mark Packer,2015-03-30,6,2945.82,1371,1,3,3,133,Others
MP-17965,Michael Paige,2017-12-29,9,3983.64,366,3,4,4,344,Champions
MP-18175,Mike Pelletier,2015-11-25,8,4757.33,1131,1,4,4,144,Others
MR-17545,Mathew Reese,2018-08-27,4,639.18,125,4,1,1,411,Others
MS-17365,Maribeth Schnelling,2017-11-26,10,7443.69,399,3,4,4,344,Champions
MS-17530,MaryBeth Skach,2017-10-22,4,475.66,434,3,1,1,311,Potential
MS-17710,Maurice Satty,2017-05-26,6,1613.4,583,2,3,2,232,Others
MS-17770,Maxwell Schwartz,2018-08-31,9,3144.68,121,4,4,3,443,Champions
MS-17830,Melanie Seite,2016-07-23,4,370.35,890,2,1,1,211,At Risk
MS-17980,Michael Stewart,2015-06-30,6,855.12,1279,1,3,1,131,Others
MT-17815,Meg Tillman,2017-12-27,6,2890.14,368,3,3,3,333,Others
MT-18070,Michelle Tran,2015-09-25,4,1319.45,1192,1,1,2,112,Others
MV-17485,Mark Van Huff,2016-03-27,9,1560.05,1008,1,4,2,142,Others
MV-18190,Mike Vittorini,2015-01-30,7,1734.57,1430,1,3,2,132,Others
MW-18220,Mitch Webber,2017-12-27,7,5341.9,368,3,3,4,334,Others
MW-18235,Mitch Willingham,2015-05-21,2,5253.88,1319,1,1,4,114,Others
MY-17380,Maribeth Yedwab,2017-05-30,7,2254.29,579,2,3,3,233,Others
MY-18295,Muhammed Yedwab,2015-04-28,10,3601.88,1342,1,4,3,143,Others
MZ-17335,Maria Zettner,2018-11-30,4,593.61,30,4,1,1,411,Others
MZ-17515,Mary Zewe,2016-10-31,6,2564.91,790,2,3,3,233,Others
NB-18580,Nicole Brennan,2015-09-26,2,273.87,1191,1,1,1,111,Others
NB-18655,Nona Balk,2016-10-29,9,1972.6,792,2,4,2,242,Others
NC-18340,Nat Carroll,2015-03-30,5,2461.4,1371,1,2,3,123,Others
NC-18415,Nathan Cano,2015-12-27,6,2218.99,1099,1,3,3,133,Others
NC-18535,Nick Crebassa,2017-11-29,7,8241.74,396,3,3,4,334,Others
NC-18625,Noah Childs,2015-10-29,5,1821.74,1158,1,2,2,122,Others
ND-18370,Natalie DeCherney,2018-10-21,9,4326.14,70,4,4,4,444,Champions
ND-18460,Neil Ducich,2018-06-30,6,2893.46,183,4,3,3,433,Others
NF-18385,Natalie Fritzler,2017-09-26,6,8080.47,460,3,3,4,334,Others
NF-18475,Neil Französisch,2016-06-29,4,377.16,914,2,1,1,211,At Risk
NF-18595,Nicole Fjeld,2015-04-19,7,2031.47,1351,1,3,2,132,Others
NG-18355,Nat Gilpin,2015-11-24,5,1869.58,1132,1,2,2,122,Others
NG-18430,Nathan Gelder,2015-11-24,5,1395.94,1132,1,2,2,122,Others
NH-18610,Nicole Hansen,2017-09-25,6,2518.67,461,3,3,3,333,Others
NK-18490,Neil Knudson,2016-05-28,7,572.05,946,2,3,1,231,Others
NL-18310,Nancy Lomonaco,2015-10-31,4,1418.09,1156,1,1,2,112,Others
NM-18445,Nathan Mautz,2016-05-25,7,6459.34,949,2,3,4,234,Others
NM-18520,Neoma Murray,2017-05-31,10,2161.98,578,2,4,2,242,Others
NP-18325,Naresj Patel,2015-07-22,6,5529.62,1257,1,3,4,134,Others
NP-18670,Nora Paige,2016-02-27,5,3908.4,1037,1,2,4,124,Others
NP-18685,Nora Pelletier,2016-05-25,5,1164.73,949,2,2,2,222,At Risk
NP-18700,Nora Preis,2018-06-26,7,7903.18,187,4,3,4,434,Champions
NR-18550,Nick Radford,2017-10-17,5,2367.28,439,3,2,3,323,Others
NS-18505,Neola Schneider,2018-12-24,4,2575.86,6,4,1,3,413,Others
NS-18640,Noel Staavos,2015-06-25,12,2857.75,1284,1,4,3,143,Others
NW-18400,Natalie Webber,2015-11-26,7,7234.01,1130,1,3,4,134,Others
NZ-18565,Nick Zandusky,2018-04-30,9,2488.31,244,4,4,3,443,Champions
ON-18715,Odella Nelson,2016-09-24,9,1567.52,827,2,4,2,242,Others
OT-18730,Olvera Toch,2017-07-28,5,3818.62,520,3,2,4,324,Others
PA-19060,Pete Armstrong,2017-10-27,6,729.41,429,3,3,1,331,Others
PB-18805,Patrick Bzostek,2016-11-20,3,740.36,770,2,1,1,211,At Risk
PB-19105,Peter Bühler,2018-09-22,4,688.32,99,4,1,1,411,Others
PB-19150,Philip Brown,2015-11-30,8,1456.95,1126,1,4,2,142,Others
PB-19210,Phillip Breyer,2015-11-23,2,132.74,1133,1,1,1,111,Others
PC-18745,Pamela Coakley,2015-12-31,4,1832.06,1095,1,1,2,112,Others
PC-19000,Pauline Chand,2015-04-08,2,1061.49,1362,1,1,1,111,Others
PF-19120,Peter Fuller,2016-09-17,4,9062.86,834,2,1,4,214,Others
PF-19165,Philip Fox,2017-06-30,6,2770.0,548,2,3,3,233,Others
PF-19225,Phillip Flathmann,2017-12-29,5,2206.13,366,3,2,2,322,Potential
PG-18820,Patrick Gardner,2018-09-29,13,3086.91,92,4,4,3,443,Champions
PG-18895,Paul Gonzalez,2018-10-26,9,1987.16,65,4,4,2,442,Loyal
PH-18790,Patricia Hirasaki,2018-10-21,1,729.65,70,4,1,1,411,Others
PJ-18835,Patrick Jones,2015-05-28,8,1220.09,1312,1,4,2,142,Others
PJ-19015,Pauline Johnson,2017-07-20,6,1677.54,528,2,3,2,232,Others
PK-18910,Paul Knutson,2015-04-04,2,1441.15,1366,1,1,2,112,Others
PK-19075,Pete Kriz,2017-09-24,12,8646.93,462,3,4,4,344,Champions
PL-18925,Paul Lucas,2018-06-22,5,239.48,191,4,2,1,421,Others
PM-18940,Paul MacIntyre,2016-01-19,3,1405.4,1076,1,1,2,112,Others
PM-19135,Peter McVee,2017-10-22,4,4115.66,434,3,1,4,314,Others
PN-18775,Parhena Norris,2018-11-30,8,1467.15,30,4,4,2,442,Loyal
PO-18850,Patrick O'Brill,2017-08-30,11,7473.83,487,3,4,4,344,Champions
PO-18865,Patrick O'Donnell,2018-12-30,7,2493.21,0,4,3,3,433,Others
PO-19180,Philisse Overcash,2018-04-26,9,4893.04,248,3,4,4,344,Champions
PO-19195,Phillina Ober,2016-11-29,5,1056.86,761,2,2,1,221,At Risk
PP-18955,Paul Prost,2015-09-29,10,7252.61,1188,1,4,4,144,Others
PR-18880,Patrick Ryan,2018-11-24,5,1840.18,36,4,2,2,422,Others
PS-18760,Pamela Stobb,2017-09-29,6,2181.48,457,3,3,2,332,Others
PS-18970,Paul Stevenson,2016-11-30,8,1278.64,760,2,4,2,242,Others
PS-19045,Penelope Sewall,2016-02-22,7,6843.63,1042,1,3,4,134,Others
PT-19090,Pete Takahito,2018-10-20,3,158.46,71,4,1,1,411,Others
PV-18985,Paul Van Hugh,2017-02-22,5,2876.05,676,2,2,3,223,Others
PW-19030,Pauline Webber,2018-06-27,10,3454.92,186,4,4,3,443,Champions
PW-19240,Pierre Wener,2017-07-29,7,3922.42,519,3,3,4,334,Others
QJ-19255,Quincy Jones,2018-04-30,9,6108.34,244,4,4,4,444,Champions
RA-19285,Ralph Arnett,2018-06-30,9,2617.91,183,4,4,3,443,Champions
RA-19885,Ruben Ausman,2018-09-26,6,3546.22,95,4,3,3,433,Others
RA-19915,Russell Applegate,2015-09-30,9,4793.54,1187,1,4,4,144,Others
RA-19945,Ryan Akin,2018-10-30,5,1686.92,61,4,2,2,422,Others
RB-19330,Randy Bradley,2018-10-23,2,1008.2,68,4,1,1,411,Others
RB-19360,Raymond Buch,2017-05-29,6,15117.34,580,2,3,4,234,Others
RB-19435,Richard Bierner,2016-03-29,7,1864.16,1006,1,3,2,132,Others
RB-19465,Rick Bensley,2017-08-29,12,4715.47,488,3,4,4,344,Champions
RB-19570,Rob Beeghly,2017-04-28,5,528.55,611,2,2,1,221,At Risk
RB-19645,Robert Barroso,2015-08-24,5,221.08,1224,1,2,1,121,Others
RB-19705,Roger Barcio,2016-12-26,4,2067.45,734,2,1,2,212,At Risk
RB-19795,Ross Baird,2018-11-28,8,5633.32,32,4,4,4,444,Champions
RC-19825,Roy Collins,2017-12-26,6,966.41,369,3,3,1,331,Others
RC-19960,Ryan Crowe,2015-08-25,4,652.64,1223,1,1,1,111,Others
RD-19480,Rick Duston,2016-06-23,8,4272.93,920,2,4,4,244,Others
RD-19585,Rob Dowd,2018-01-29,9,2832.9,335,3,4,3,343,Others
RD-19660,Robert Dilbeck,2016-10-24,4,2745.89,797,2,1,3,213,Others
RD-19720,Roger Demir,2018-03-29,10,1419.74,276,3,4,2,342,Loyal
RD-19810,Ross DeVincentis,2018-10-30,8,1137.62,61,4,4,2,442,Loyal
RD-19900,Ruben Dartt,2016-05-26,9,3133.92,948,2,4,3,243,Others
RD-19930,Russell D'Ascenzo,2016-07-25,4,970.94,888,2,1,1,211,At Risk
RE-19405,Ricardo Emerson,2015-12-29,1,48.36,1097,1,1,1,111,Others
RE-19450,Richard Eichhorn,2016-12-27,4,666.52,733,2,1,1,211,At Risk
RF-19345,Randy Ferguson,2015-11-30,8,3309.15,1126,1,4,3,143,Others
RF-19735,Roland Fjeld,2018-07-29,7,2341.3,154,4,3,3,433,Others
RF-19840,Roy Französisch,2018-12-24,7,938.86,6,4,3,1,431,Others
RH-19495,Rick Hansen,2016-07-31,5,3621.38,882,2,2,3,223,Others
RH-19510,Rick Huthwaite,2016-08-31,6,6979.18,851,2,3,4,234,Others
RH-19555,Ritsa Hightower,2017-07-29,2,740.38,519,3,1,1,311,Potential
RH-19600,Rob Haberlin,2017-07-14,3,2085.74,534,2,1,2,212,At Risk
RK-19300,Ralph Kennedy,2016-07-20,3,1460.19,893,2,1,2,212,At Risk
RL-19615,Rob Lucas,2018-08-31,8,6234.91,121,4,4,4,444,Champions
RM-19375,Raymond Messe,2016-11-30,6,1453.47,760,2,3,2,232,Others
RM-19675,Robert Marley,2018-12-24,5,5979.1,6,4,2,4,424,Loyal
RM-19750,Roland Murray,2018-03-06,1,98.35,299,3,1,1,311,Potential
RO-19780,Rose O'Brian,2018-11-25,7,3815.48,35,4,3,4,434,Champions
RP-19270,Rachel Payne,2017-08-21,4,954.65,496,3,1,1,311,Potential
RP-19390,Resi Pölking,2015-12-27,12,5153.08,1099,1,4,4,144,Others
RP-19855,Roy Phan,2016-09-28,7,2055.36,823,2,3,2,232,Others
RR-19315,Ralph Ritter,2017-11-14,2,615.93,411,3,1,1,311,Potential
RR-19525,Rick Reed,2017-02-28,6,3302.26,670,2,3,3,233,Others
RS-19420,Ricardo Sperren,2018-10-15,5,3221.29,76,4,2,3,423,Others
RS-19765,Roland Schwarz,2018-11-24,8,4159.77,36,4,4,4,444,Champions
RS-19870,Roy Skaria,2018-12-11,2,22.33,19,4,1,1,411,Others
RW-19540,Rick Wilson,2018-08-29,7,7397.4,123,4,3,4,434,Champions
RW-19630,Rob Williams,2015-12-31,9,3279.75,1095,1,4,3,143,Others
RW-19690,Robert Waldorf,2017-05-30,5,3495.65,579,2,2,3,223,Others
SA-20830,Sue Ann Reed,2015-10-29,10,4767.34,1158,1,4,4,144,Others
SB-20170,Sarah Bern,2018-06-12,3,1348.02,201,4,1,2,412,Others
SB-20185,Sarah Brown,2016-09-25,6,6411.0,826,2,3,4,234,Others
SB-20290,Sean Braxton,2015-09-19,7,8057.89,1198,1,3,4,134,Others
SC-20020,Sam Craven,2015-06-20,5,3362.96,1289,1,2,3,123,Others
SC-20050,Sample Company A,2016-05-31,9,4624.57,943,2,4,4,244,Others
SC-20095,Sanjit Chand,2017-07-25,9,14142.33,523,3,4,4,344,Champions
SC-20230,Scot Coram,2017-08-21,4,4371.96,496,3,1,4,314,Others
SC-20260,Scott Cohen,2016-08-31,8,3729.79,851,2,4,4,244,Others
SC-20305,Sean Christensen,2018-08-28,6,3650.47,124,4,3,3,433,Others
SC-20380,Shahid Collister,2018-11-30,9,5992.54,30,4,4,4,444,Champions
SC-20440,Shaun Chance,2018-10-26,7,1875.0,65,4,3,2,432,Others
SC-20575,Sonia Cooley,2018-09-29,4,799.8,92,4,1,1,411,Others
SC-20680,Steve Carroll,2017-07-28,6,1254.64,520,3,3,2,332,Others
SC-20695,Steve Chapman,2016-07-31,10,2576.41,882,2,4,3,243,Others
SC-20725,Steven Cartwright,2017-01-30,11,5226.21,699,2,4,4,244,Others
SC-20770,Stewart Carmichael,2016-06-20,7,4492.66,923,2,3,4,234,Others
SC-20800,Stuart Calhoun,2018-11-30,4,279.26,30,4,1,1,411,Others
SC-20845,Sung Chung,2017-11-11,1,14.11,414,3,1,1,311,Potential
SD-20485,Shirley Daniels,2016-08-31,9,6121.11,851,2,4,4,244,Others
SE-20110,Sanjit Engle,2018-08-27,11,12209.44,125,4,4,4,444,Champions
SF-20065,Sandra Flanagan,2016-11-25,7,763.55,765,2,3,1,231,Others
SF-20200,Sarah Foster,2018-08-27,9,3422.79,125,4,4,3,443,Champions
SF-20965,Sylvia Foulston,2017-10-31,9,3336.54,425,3,4,3,343,Others
SG-20080,Sandra Glassco,2016-10-31,3,3406.58,790,2,1,3,213,Others
SG-20470,Sheri Gordon,2018-06-30,8,1884.8,183,4,4,2,442,Loyal
SG-20605,Speros Goranitis,2018-04-25,5,3118.89,249,3,2,3,323,Others
SG-20890,Susan Gilcrest,2015-03-30,3,47.95,1371,1,1,1,111,Others
SH-19975,Sally Hughsby,2018-10-27,12,2465.66,64,4,4,3,443,Champions
SH-20395,Shahid Hopkins,2017-12-15,10,2180.72,380,3,4,2,342,Loyal
SH-20635,Stefanie Holloman,2016-11-26,2,2096.39,764,2,1,2,212,At Risk
SJ-20125,Sanjit Jacobs,2018-09-26,12,3949.66,95,4,4,4,444,Champions
SJ-20215,Sarah Jordon,2017-09-30,6,1341.04,456,3,3,2,332,Others
SJ-20500,Shirley Jackson,2015-08-31,5,1318.78,1217,1,2,2,122,Others
SK-19990,Sally Knutson,2017-11-28,3,883.41,397,3,1,1,311,Potential
SL-20155,Sara Luxemburg,2016-03-29,6,3046.53,1006,1,3,3,133,Others
SM-20005,Sally Matthias,2015-11-23,4,244.49,1133,1,1,1,111,Others
SM-20320,Sean Miller,2016-12-25,5,25043.05,735,2,2,4,224,Others
SM-20905,Susan MacKendrick,2017-05-03,1,1043.04,606,2,1,1,211,At Risk
SM-20950,Suzanne McNair,2018-05-30,11,4464.86,214,4,4,4,444,Champions
SN-20560,Skye Norling,2017-06-26,6,1860.42,552,2,3,2,232,Others
SN-20710,Steve Nguyen,2016-12-27,7,3127.96,733,2,3,3,233,Others
SO-20335,Sean O'Donnell,2018-04-23,6,2602.58,251,3,3,3,333,Others
SP-20545,Sibella Parks,2017-03-26,6,1306.09,644,2,3,2,232,Others
SP-20620,Stefania Perrino,2015-12-30,9,5440.32,1096,1,4,4,144,Others
SP-20650,Stephanie Phelps,2016-05-31,9,1872.44,943,2,4,2,242,Others
SP-20860,Sung Pak,2015-12-28,10,4282.94,1098,1,4,4,144,Others
SP-20920,Susan Pistek,2017-10-30,6,3990.69,426,3,3,4,334,Others
SR-20425,Sharelle Roach,2018-12-22,5,3233.48,8,4,2,3,423,Others
SR-20740,Steven Roelle,2017-10-23,8,4345.89,433,3,4,4,344,Champions
SS-20140,Saphhira Shifley,2018-04-30,8,1324.03,244,4,4,2,442,Loyal
SS-20410,Shahid Shariari,2015-05-30,6,3056.81,1310,1,3,3,133,Others
SS-20515,Shirley Schmidt,2017-08-26,3,613.4,491,3,1,1,311,Potential
SS-20590,Sonia Sunley,2017-10-24,6,418.49,432,3,3,1,331,Others
SS-20875,Sung Shariari,2017-08-27,5,964.64,490,3,2,1,321,Potential
ST-20530,Shui Tom,2015-12-29,7,433.34,1097,1,3,1,131,Others
SU-20665,Stephanie Ulpright,2017-08-21,7,2595.36,496,3,3,3,333,Others
SV-20365,Seth Vernon,2016-01-27,10,11470.95,1068,1,4,4,144,Others
SV-20785,Stewart Visinsky,2017-05-26,9,4105.31,583,2,4,4,244,Others
SV-20815,Stuart Van,2017-08-26,4,1271.09,491,3,1,2,312,Potential
SV-20935,Susan Vittorini,2018-12-28,8,1903.49,2,4,4,2,442,Loyal
SW-20245,Scot Wooten,2018-02-25,7,1085.08,308,3,3,2,332,Others
SW-20275,Scott Williamson,2018-11-30,6,1966.65,30,4,3,2,432,Others
SW-20350,Sean Wendt,2018-07-21,3,1019.04,162,4,1,1,411,Others
SW-20455,Shaun Weien,2017-09-27,6,2835.56,459,3,3,3,333,Others
SW-20755,Steven Ward,2017-07-14,2,758.7,534,2,1,1,211,At Risk
SZ-20035,Sam Zeldin,2018-01-30,11,3625.33,334,3,4,3,343,Others
TA-21385,Tom Ashbrook,2018-10-22,4,14595.62,69,4,1,4,414,Loyal
TB-21055,Ted Butterfield,2017-08-27,4,1451.36,490,3,1,2,312,Potential
TB-21175,Thomas Boland,2017-04-12,4,3589.3,627,2,2,3,223,Others
TB-21190,Thomas Brumley,2015-12-27,4,816.17,1099,1,2,1,121,Others
TB-21250,Tim Brockman,2017-01-30,7,1602.38,699,2,3,2,232,Others
TB-21280,Toby Braunhardt,2017-05-26,6,2198.45,583,2,3,2,232,Others
TB-21355,Todd Boyes,2017-08-27,5,834.33,490,3,2,1,321,Potential
TB-21400,Tom Boeckenhauer,2018-03-30,6,9108.74,275,3,3,4,334,Others
TB-21520,Tracy Blumstein,2015-12-26,9,4737.49,1100,1,4,4,144,Others
TB-21595,Troy Blackwell,2017-12-29,4,1240.87,366,3,2,2,322,Potential
TB-21625,Trudy Brown,2016-12-31,9,2797.67,729,2,4,3,243,Others
TC-20980,Tamara Chand,2015-12-27,5,19052.22,1099,1,2,4,124,Others
TC-21145,Theresa Coyne,2018-09-15,1,1038.26,106,4,1,1,411,Others
TC-21295,Toby Carlisle,2015-12-20,8,4266.81,1106,1,4,4,144,Others
TC-21475,Tony Chapman,2018-07-30,9,1244.98,153,4,4,2,442,Loyal
TC-21535,Tracy Collins,2018-12-26,7,742.56,4,4,3,1,431,Others
TD-20995,Tamara Dahlen,2018-11-23,9,1434.55,37,4,4,2,442,Loyal
TG-21310,Toby Gnade,2018-01-27,5,3058.37,337,3,2,3,323,Others
TG-21640,Trudy Glocke,2015-03-31,4,2074.66,1370,1,2,2,122,Others
TH-21100,Thea Hendricks,2015-09-27,5,2422.82,1190,1,2,3,123,Others
TH-21115,Thea Hudgings,2015-09-23,4,2942.77,1194,1,2,3,123,Others
TH-21235,Tiffany House,2018-05-28,8,1022.2,216,4,4,1,441,Loyal
TH-21550,Tracy Hopkins,2018-06-26,7,4234.1,187,4,3,4,434,Champions
TM-21010,Tamara Manning,2016-05-31,7,2819.03,943,2,3,3,233,Others
TM-21490,Tony Molinari,2018-03-30,3,1094.68,275,3,1,2,312,Potential
TN-21040,Tanja Norvell,2017-05-28,7,3130.22,581,2,3,3,233,Others
TP-21130,Theone Pippenger,2017-08-31,9,4454.06,486,3,4,4,344,Champions
TP-21415,Tom Prescott,2016-11-28,5,5329.0,762,2,2,4,224,Others
TP-21565,Tracy Poddar,2018-01-14,4,1936.64,350,3,2,2,322,Potential
TR-21325,Toby Ritter,2018-06-20,5,675.94,193,4,2,1,421,Others
TS-21085,Thais Sissman,2016-07-19,2,4.83,894,2,1,1,211,At Risk
TS-21160,Theresa Swint,2017-06-25,6,2163.62,553,2,3,2,232,Others
TS-21205,Thomas Seio,2015-09-27,7,5371.09,1190,1,3,4,134,Others
TS-21340,Toby Swindell,2016-11-24,5,974.78,766,2,2,1,221,At Risk
TS-21370,Todd Sumrall,2015-10-28,6,11891.75,1159,1,3,4,134,Others
TS-21430,Tom Stivers,2015-07-30,5,2054.14,1249,1,2,2,122,Others
TS-21505,Tony Sayre,2017-09-25,6,2243.27,461,3,3,3,333,Others
TS-21610,Troy Staebel,2017-09-17,7,2820.42,469,3,3,3,333,Others
TS-21655,Trudy Schmidt,2017-12-25,5,3368.09,370,3,2,3,323,Others
TT-21070,Ted Trevino,2018-11-29,7,4915.6,31,4,3,4,434,Champions
TT-21220,Thomas Thornton,2016-10-30,8,1427.04,791,2,4,2,242,Others
TT-21265,Tim Taslimi,2017-11-19,3,439.5,406,3,1,1,311,Potential
TT-21460,Tonja Turnell,2018-11-26,7,5364.81,34,4,3,4,434,Champions
TW-21025,Tamara Willingham,2018-10-27,7,5278.83,64,4,3,4,434,Champions
TZ-21580,Tracy Zic,2018-11-25,4,1707.29,35,4,2,2,422,Others
VB-21745,Victoria Brennan,2017-10-28,6,2005.6,428,3,3,2,332,Others
VD-21670,Valerie Dominguez,2017-05-28,6,6442.25,581,2,3,4,234,Others
VF-21715,Vicky Freymann,2015-07-25,5,847.94,1254,1,2,1,121,Others
VG-21790,Vivek Gonzalez,2018-07-29,6,846.01,154,4,3,1,431,Others
VG-21805,Vivek Grady,2017-08-26,4,418.43,491,3,2,1,321,Potential
VM-21685,Valerie Mitchum,2018-07-16,7,2454.87,167,4,3,3,433,Others
VM-21835,Vivian Mathis,2015-03-22,5,380.69,1379,1,2,1,121,Others
VP-21730,Victor Preis,2018-11-30,3,993.9,30,4,1,1,411,Others
VP-21760,Victoria Pisteka,2016-05-29,7,3360.53,945,2,3,3,233,Others
VS-21820,Vivek Sundaresam,2016-05-24,4,1055.98,950,2,2,1,221,At Risk
VT-21700,Valerie Takahito,2015-06-06,2,1736.6,1303,1,1,2,112,Others
VW-21775,Victoria Wilson,2017-10-24,10,6134.04,432,3,4,4,344,Champions
WB-21850,William Brown,2016-11-30,10,6129.71,760,2,4,4,244,Others
XP-21865,Xylona Preis,2015-09-28,11,2374.66,1189,1,4,3,143,Others
YC-21895,Yoseph Carroll,2018-12-26,5,5454.35,4,4,2,4,424,Loyal
YS-21880,Yana Sorensen,2016-07-25,8,6720.44,888,2,4,4,244,Others
ZC-21910,Zuschuss Carroll,2015-12-29,13,8025.71,1097,1,4,4,144,Others
ZD-21925,Zuschuss Donatelli,2015-08-27,5,1493.94,1221,1,2,2,122,Others
